state_name,year,unemployment_rate_pct,metric,data_source
Andaman and Nicobar Islands,2019-20,12.6,unemployment_rate_usual_status_pct,PLFS Annual Report MoSPI
Andaman and Nicobar Islands,2020-21,9.1,unemployment_rate_usual_status_pct,PLFS Annual Report MoSPI
Andaman and Nicobar Islands,2021-22,7.8,unemployment_rate_usual_status_pct,PLFS Annual Report MoSPI
Andaman and Nicobar Islands,2022-23,9.7,unemployment_rate_usual_status_pct,PLFS Annual Report MoSPI
Andaman and Nicobar Islands,2023-24,11.8,unemployment_rate_usual_status_pct,PLFS Annual Report MoSPI
Andhra Pradesh,2019-20,4.7,unemployment_rate_usual_status_pct,PLFS Annual Report MoSPI
Andhra Pradesh,2020-21,4.1,unemployment_rate_usual_status_pct,PLFS Annual Report MoSPI
Andhra Pradesh,2021-22,4.2,unemployment_rate_usual_status_pct,PLFS Annual Report MoSPI
Andhra Pradesh,2022-23,4.1,unemployment_rate_usual_status_pct,PLFS Annual Report MoSPI
Andhra Pradesh,2023-24,4.1,unemployment_rate_usual_status_pct,PLFS Annual Report MoSPI
Arunachal Pradesh,2019-20,6.7,unemployment_rate_usual_status_pct,PLFS Annual Report MoSPI
Arunachal Pradesh,2020-21,5.7,unemployment_rate_usual_status_pct,PLFS Annual Report MoSPI
Arunachal Pradesh,2021-22,7.7,unemployment_rate_usual_status_pct,PLFS Annual Report MoSPI
Arunachal Pradesh,2022-23,4.8,unemployment_rate_usual_status_pct,PLFS Annual Report MoSPI
Arunachal Pradesh,2023-24,6.1,unemployment_rate_usual_status_pct,PLFS Annual Report MoSPI
Assam,2019-20,7.9,unemployment_rate_usual_status_pct,PLFS Annual Report MoSPI
Assam,2020-21,4.1,unemployment_rate_usual_status_pct,PLFS Annual Report MoSPI
Assam,2021-22,3.8,unemployment_rate_usual_status_pct,PLFS Annual Report MoSPI
Assam,2022-23,1.7,unemployment_rate_usual_status_pct,PLFS Annual Report MoSPI
Assam,2023-24,3.9,unemployment_rate_usual_status_pct,PLFS Annual Report MoSPI
Bihar,2019-20,5.3,unemployment_rate_usual_status_pct,PLFS Annual Report MoSPI
Bihar,2020-21,4.7,unemployment_rate_usual_status_pct,PLFS Annual Report MoSPI
Bihar,2021-22,6.0,unemployment_rate_usual_status_pct,PLFS Annual Report MoSPI
Bihar,2022-23,3.9,unemployment_rate_usual_status_pct,PLFS Annual Report MoSPI
Bihar,2023-24,3.0,unemployment_rate_usual_status_pct,PLFS Annual Report MoSPI
Chandigarh,2019-20,6.3,unemployment_rate_usual_status_pct,PLFS Annual Report MoSPI
Chandigarh,2020-21,7.5,unemployment_rate_usual_status_pct,PLFS Annual Report MoSPI
Chandigarh,2021-22,6.3,unemployment_rate_usual_status_pct,PLFS Annual Report MoSPI
Chandigarh,2022-23,4.0,unemployment_rate_usual_status_pct,PLFS Annual Report MoSPI
Chandigarh,2023-24,7.1,unemployment_rate_usual_status_pct,PLFS Annual Report MoSPI
Chhattisgarh,2019-20,3.3,unemployment_rate_usual_status_pct,PLFS Annual Report MoSPI
Chhattisgarh,2020-21,2.5,unemployment_rate_usual_status_pct,PLFS Annual Report MoSPI
Chhattisgarh,2021-22,2.5,unemployment_rate_usual_status_pct,PLFS Annual Report MoSPI
Chhattisgarh,2022-23,2.5,unemployment_rate_usual_status_pct,PLFS Annual Report MoSPI
Chhattisgarh,2023-24,2.5,unemployment_rate_usual_status_pct,PLFS Annual Report MoSPI
Dadra and Nagar Haveli,2019-20,3.0,unemployment_rate_usual_status_pct,PLFS Annual Report MoSPI
Dadra and Nagar Haveli,2020-21,4.2,unemployment_rate_usual_status_pct,PLFS Annual Report MoSPI
Dadra and Nagar Haveli,2021-22,5.2,unemployment_rate_usual_status_pct,PLFS Annual Report MoSPI
Dadra and Nagar Haveli,2022-23,2.5,unemployment_rate_usual_status_pct,PLFS Annual Report MoSPI
Dadra and Nagar Haveli,2023-24,2.3,unemployment_rate_usual_status_pct,PLFS Annual Report MoSPI
Daman and Diu,2019-20,2.9,unemployment_rate_usual_status_pct,PLFS Annual Report MoSPI
Daman and Diu,2020-21,,unemployment_rate_usual_status_pct,PLFS Annual Report MoSPI
Daman and Diu,2021-22,,unemployment_rate_usual_status_pct,PLFS Annual Report MoSPI
Daman and Diu,2022-23,,unemployment_rate_usual_status_pct,PLFS Annual Report MoSPI
Daman and Diu,2023-24,,unemployment_rate_usual_status_pct,PLFS Annual Report MoSPI
Delhi,2019-20,8.7,unemployment_rate_usual_status_pct,PLFS Annual Report MoSPI
Delhi,2020-21,6.3,unemployment_rate_usual_status_pct,PLFS Annual Report MoSPI
Delhi,2021-22,5.3,unemployment_rate_usual_status_pct,PLFS Annual Report MoSPI
Delhi,2022-23,1.9,unemployment_rate_usual_status_pct,PLFS Annual Report MoSPI
Delhi,2023-24,2.1,unemployment_rate_usual_status_pct,PLFS Annual Report MoSPI
Goa,2019-20,8.1,unemployment_rate_usual_status_pct,PLFS Annual Report MoSPI
Goa,2020-21,10.5,unemployment_rate_usual_status_pct,PLFS Annual Report MoSPI
Goa,2021-22,12.0,unemployment_rate_usual_status_pct,PLFS Annual Report MoSPI
Goa,2022-23,9.7,unemployment_rate_usual_status_pct,PLFS Annual Report MoSPI
Goa,2023-24,8.5,unemployment_rate_usual_status_pct,PLFS Annual Report MoSPI
Gujarat,2019-20,2.0,unemployment_rate_usual_status_pct,PLFS Annual Report MoSPI
Gujarat,2020-21,2.2,unemployment_rate_usual_status_pct,PLFS Annual Report MoSPI
Gujarat,2021-22,2.0,unemployment_rate_usual_status_pct,PLFS Annual Report MoSPI
Gujarat,2022-23,1.7,unemployment_rate_usual_status_pct,PLFS Annual Report MoSPI
Gujarat,2023-24,1.1,unemployment_rate_usual_status_pct,PLFS Annual Report MoSPI
Haryana,2019-20,6.5,unemployment_rate_usual_status_pct,PLFS Annual Report MoSPI
Haryana,2020-21,6.3,unemployment_rate_usual_status_pct,PLFS Annual Report MoSPI
Haryana,2021-22,9.0,unemployment_rate_usual_status_pct,PLFS Annual Report MoSPI
Haryana,2022-23,6.1,unemployment_rate_usual_status_pct,PLFS Annual Report MoSPI
Haryana,2023-24,3.4,unemployment_rate_usual_status_pct,PLFS Annual Report MoSPI
Himachal Pradesh,2019-20,3.7,unemployment_rate_usual_status_pct,PLFS Annual Report MoSPI
Himachal Pradesh,2020-21,3.3,unemployment_rate_usual_status_pct,PLFS Annual Report MoSPI
Himachal Pradesh,2021-22,4.0,unemployment_rate_usual_status_pct,PLFS Annual Report MoSPI
Himachal Pradesh,2022-23,4.4,unemployment_rate_usual_status_pct,PLFS Annual Report MoSPI
Himachal Pradesh,2023-24,5.4,unemployment_rate_usual_status_pct,PLFS Annual Report MoSPI
Jammu and Kashmir,2019-20,6.7,unemployment_rate_usual_status_pct,PLFS Annual Report MoSPI
Jammu and Kashmir,2020-21,5.9,unemployment_rate_usual_status_pct,PLFS Annual Report MoSPI
Jammu and Kashmir,2021-22,5.2,unemployment_rate_usual_status_pct,PLFS Annual Report MoSPI
Jammu and Kashmir,2022-23,4.4,unemployment_rate_usual_status_pct,PLFS Annual Report MoSPI
Jammu and Kashmir,2023-24,6.1,unemployment_rate_usual_status_pct,PLFS Annual Report MoSPI
Jharkhand,2019-20,4.2,unemployment_rate_usual_status_pct,PLFS Annual Report MoSPI
Jharkhand,2020-21,3.1,unemployment_rate_usual_status_pct,PLFS Annual Report MoSPI
Jharkhand,2021-22,2.0,unemployment_rate_usual_status_pct,PLFS Annual Report MoSPI
Jharkhand,2022-23,1.7,unemployment_rate_usual_status_pct,PLFS Annual Report MoSPI
Jharkhand,2023-24,1.3,unemployment_rate_usual_status_pct,PLFS Annual Report MoSPI
Karnataka,2019-20,4.2,unemployment_rate_usual_status_pct,PLFS Annual Report MoSPI
Karnataka,2020-21,2.7,unemployment_rate_usual_status_pct,PLFS Annual Report MoSPI
Karnataka,2021-22,3.2,unemployment_rate_usual_status_pct,PLFS Annual Report MoSPI
Karnataka,2022-23,2.4,unemployment_rate_usual_status_pct,PLFS Annual Report MoSPI
Karnataka,2023-24,2.7,unemployment_rate_usual_status_pct,PLFS Annual Report MoSPI
Kerala,2019-20,10.0,unemployment_rate_usual_status_pct,PLFS Annual Report MoSPI
Kerala,2020-21,10.1,unemployment_rate_usual_status_pct,PLFS Annual Report MoSPI
Kerala,2021-22,9.6,unemployment_rate_usual_status_pct,PLFS Annual Report MoSPI
Kerala,2022-23,7.0,unemployment_rate_usual_status_pct,PLFS Annual Report MoSPI
Kerala,2023-24,7.2,unemployment_rate_usual_status_pct,PLFS Annual Report MoSPI
Ladakh,2019-20,0.1,unemployment_rate_usual_status_pct,PLFS Annual Report MoSPI
Ladakh,2020-21,2.9,unemployment_rate_usual_status_pct,PLFS Annual Report MoSPI
Ladakh,2021-22,3.3,unemployment_rate_usual_status_pct,PLFS Annual Report MoSPI
Ladakh,2022-23,6.1,unemployment_rate_usual_status_pct,PLFS Annual Report MoSPI
Ladakh,2023-24,5.1,unemployment_rate_usual_status_pct,PLFS Annual Report MoSPI
Lakshadweep,2019-20,13.7,unemployment_rate_usual_status_pct,PLFS Annual Report MoSPI
Lakshadweep,2020-21,13.4,unemployment_rate_usual_status_pct,PLFS Annual Report MoSPI
Lakshadweep,2021-22,17.2,unemployment_rate_usual_status_pct,PLFS Annual Report MoSPI
Lakshadweep,2022-23,11.1,unemployment_rate_usual_status_pct,PLFS Annual Report MoSPI
Lakshadweep,2023-24,11.9,unemployment_rate_usual_status_pct,PLFS Annual Report MoSPI
Madhya Pradesh,2019-20,3.0,unemployment_rate_usual_status_pct,PLFS Annual Report MoSPI
Madhya Pradesh,2020-21,1.9,unemployment_rate_usual_status_pct,PLFS Annual Report MoSPI
Madhya Pradesh,2021-22,2.1,unemployment_rate_usual_status_pct,PLFS Annual Report MoSPI
Madhya Pradesh,2022-23,1.6,unemployment_rate_usual_status_pct,PLFS Annual Report MoSPI
Madhya Pradesh,2023-24,0.9,unemployment_rate_usual_status_pct,PLFS Annual Report MoSPI
Maharashtra,2019-20,3.2,unemployment_rate_usual_status_pct,PLFS Annual Report MoSPI
Maharashtra,2020-21,3.7,unemployment_rate_usual_status_pct,PLFS Annual Report MoSPI
Maharashtra,2021-22,3.5,unemployment_rate_usual_status_pct,PLFS Annual Report MoSPI
Maharashtra,2022-23,3.1,unemployment_rate_usual_status_pct,PLFS Annual Report MoSPI
Maharashtra,2023-24,3.3,unemployment_rate_usual_status_pct,PLFS Annual Report MoSPI
Manipur,2019-20,9.7,unemployment_rate_usual_status_pct,PLFS Annual Report MoSPI
Manipur,2020-21,5.6,unemployment_rate_usual_status_pct,PLFS Annual Report MoSPI
Manipur,2021-22,9.0,unemployment_rate_usual_status_pct,PLFS Annual Report MoSPI
Manipur,2022-23,4.7,unemployment_rate_usual_status_pct,PLFS Annual Report MoSPI
Manipur,2023-24,6.1,unemployment_rate_usual_status_pct,PLFS Annual Report MoSPI
Meghalaya,2019-20,2.7,unemployment_rate_usual_status_pct,PLFS Annual Report MoSPI
Meghalaya,2020-21,1.7,unemployment_rate_usual_status_pct,PLFS Annual Report MoSPI
Meghalaya,2021-22,2.6,unemployment_rate_usual_status_pct,PLFS Annual Report MoSPI
Meghalaya,2022-23,6.0,unemployment_rate_usual_status_pct,PLFS Annual Report MoSPI
Meghalaya,2023-24,6.2,unemployment_rate_usual_status_pct,PLFS Annual Report MoSPI
Mizoram,2019-20,5.7,unemployment_rate_usual_status_pct,PLFS Annual Report MoSPI
Mizoram,2020-21,3.5,unemployment_rate_usual_status_pct,PLFS Annual Report MoSPI
Mizoram,2021-22,5.4,unemployment_rate_usual_status_pct,PLFS Annual Report MoSPI
Mizoram,2022-23,2.2,unemployment_rate_usual_status_pct,PLFS Annual Report MoSPI
Mizoram,2023-24,2.3,unemployment_rate_usual_status_pct,PLFS Annual Report MoSPI
Nagaland,2019-20,25.8,unemployment_rate_usual_status_pct,PLFS Annual Report MoSPI
Nagaland,2020-21,19.3,unemployment_rate_usual_status_pct,PLFS Annual Report MoSPI
Nagaland,2021-22,9.1,unemployment_rate_usual_status_pct,PLFS Annual Report MoSPI
Nagaland,2022-23,4.3,unemployment_rate_usual_status_pct,PLFS Annual Report MoSPI
Nagaland,2023-24,7.1,unemployment_rate_usual_status_pct,PLFS Annual Report MoSPI
Odisha,2019-20,6.3,unemployment_rate_usual_status_pct,PLFS Annual Report MoSPI
Odisha,2020-21,5.4,unemployment_rate_usual_status_pct,PLFS Annual Report MoSPI
Odisha,2021-22,6.0,unemployment_rate_usual_status_pct,PLFS Annual Report MoSPI
Odisha,2022-23,3.9,unemployment_rate_usual_status_pct,PLFS Annual Report MoSPI
Odisha,2023-24,3.1,unemployment_rate_usual_status_pct,PLFS Annual Report MoSPI
Puducherry,2019-20,7.6,unemployment_rate_usual_status_pct,PLFS Annual Report MoSPI
Puducherry,2020-21,6.7,unemployment_rate_usual_status_pct,PLFS Annual Report MoSPI
Puducherry,2021-22,5.8,unemployment_rate_usual_status_pct,PLFS Annual Report MoSPI
Puducherry,2022-23,5.6,unemployment_rate_usual_status_pct,PLFS Annual Report MoSPI
Puducherry,2023-24,4.6,unemployment_rate_usual_status_pct,PLFS Annual Report MoSPI
Punjab,2019-20,7.4,unemployment_rate_usual_status_pct,PLFS Annual Report MoSPI
Punjab,2020-21,6.2,unemployment_rate_usual_status_pct,PLFS Annual Report MoSPI
Punjab,2021-22,6.4,unemployment_rate_usual_status_pct,PLFS Annual Report MoSPI
Punjab,2022-23,6.1,unemployment_rate_usual_status_pct,PLFS Annual Report MoSPI
Punjab,2023-24,5.5,unemployment_rate_usual_status_pct,PLFS Annual Report MoSPI
Rajasthan,2019-20,4.5,unemployment_rate_usual_status_pct,PLFS Annual Report MoSPI
Rajasthan,2020-21,4.8,unemployment_rate_usual_status_pct,PLFS Annual Report MoSPI
Rajasthan,2021-22,4.7,unemployment_rate_usual_status_pct,PLFS Annual Report MoSPI
Rajasthan,2022-23,4.4,unemployment_rate_usual_status_pct,PLFS Annual Report MoSPI
Rajasthan,2023-24,4.2,unemployment_rate_usual_status_pct,PLFS Annual Report MoSPI
Sikkim,2019-20,2.2,unemployment_rate_usual_status_pct,PLFS Annual Report MoSPI
Sikkim,2020-21,1.1,unemployment_rate_usual_status_pct,PLFS Annual Report MoSPI
Sikkim,2021-22,1.6,unemployment_rate_usual_status_pct,PLFS Annual Report MoSPI
Sikkim,2022-23,2.2,unemployment_rate_usual_status_pct,PLFS Annual Report MoSPI
Sikkim,2023-24,2.3,unemployment_rate_usual_status_pct,PLFS Annual Report MoSPI
Tamil Nadu,2019-20,5.3,unemployment_rate_usual_status_pct,PLFS Annual Report MoSPI
Tamil Nadu,2020-21,5.2,unemployment_rate_usual_status_pct,PLFS Annual Report MoSPI
Tamil Nadu,2021-22,4.8,unemployment_rate_usual_status_pct,PLFS Annual Report MoSPI
Tamil Nadu,2022-23,4.3,unemployment_rate_usual_status_pct,PLFS Annual Report MoSPI
Tamil Nadu,2023-24,3.5,unemployment_rate_usual_status_pct,PLFS Annual Report MoSPI
Telangana,2019-20,7.0,unemployment_rate_usual_status_pct,PLFS Annual Report MoSPI
Telangana,2020-21,4.9,unemployment_rate_usual_status_pct,PLFS Annual Report MoSPI
Telangana,2021-22,4.2,unemployment_rate_usual_status_pct,PLFS Annual Report MoSPI
Telangana,2022-23,4.4,unemployment_rate_usual_status_pct,PLFS Annual Report MoSPI
Telangana,2023-24,4.8,unemployment_rate_usual_status_pct,PLFS Annual Report MoSPI
Tripura,2019-20,3.2,unemployment_rate_usual_status_pct,PLFS Annual Report MoSPI
Tripura,2020-21,3.2,unemployment_rate_usual_status_pct,PLFS Annual Report MoSPI
Tripura,2021-22,3.3,unemployment_rate_usual_status_pct,PLFS Annual Report MoSPI
Tripura,2022-23,1.4,unemployment_rate_usual_status_pct,PLFS Annual Report MoSPI
Tripura,2023-24,1.7,unemployment_rate_usual_status_pct,PLFS Annual Report MoSPI
Uttar Pradesh,2019-20,4.5,unemployment_rate_usual_status_pct,PLFS Annual Report MoSPI
Uttar Pradesh,2020-21,4.2,unemployment_rate_usual_status_pct,PLFS Annual Report MoSPI
Uttar Pradesh,2021-22,2.9,unemployment_rate_usual_status_pct,PLFS Annual Report MoSPI
Uttar Pradesh,2022-23,2.4,unemployment_rate_usual_status_pct,PLFS Annual Report MoSPI
Uttar Pradesh,2023-24,3.0,unemployment_rate_usual_status_pct,PLFS Annual Report MoSPI
Uttarakhand,2019-20,7.1,unemployment_rate_usual_status_pct,PLFS Annual Report MoSPI
Uttarakhand,2020-21,6.9,unemployment_rate_usual_status_pct,PLFS Annual Report MoSPI
Uttarakhand,2021-22,7.8,unemployment_rate_usual_status_pct,PLFS Annual Report MoSPI
Uttarakhand,2022-23,4.5,unemployment_rate_usual_status_pct,PLFS Annual Report MoSPI
Uttarakhand,2023-24,4.3,unemployment_rate_usual_status_pct,PLFS Annual Report MoSPI
West Bengal,2019-20,4.6,unemployment_rate_usual_status_pct,PLFS Annual Report MoSPI
West Bengal,2020-21,3.5,unemployment_rate_usual_status_pct,PLFS Annual Report MoSPI
West Bengal,2021-22,3.5,unemployment_rate_usual_status_pct,PLFS Annual Report MoSPI
West Bengal,2022-23,2.2,unemployment_rate_usual_status_pct,PLFS Annual Report MoSPI
West Bengal,2023-24,2.6,unemployment_rate_usual_status_pct,PLFS Annual Report MoSPI
